"";"title";"Awards"
"1";"Parasite";"4"
"2";"Ford v Ferrari";"2"
"3";"Learning to Skateboard in a Warzone (If You're a Girl)";"1"
"4";"The Neighbors' Window";"1"
"5";"Little Women";"1"
"6";"Marriage Story";"1"
"7";"Jojo Rabbit";"1"
"8";"Toy Story 4";"1"
"9";"Joker";"2"
"10";"Once Upon a Time in Hollywood";"2"
"11";"1917";"3"
"12";"Judy";"1"
"13";"Bombshell";"1"
"14";"Rocketman";"1"
"15";"American Factory";"1"
"16";"Hair Love";"1"
"17";"Green Book";"3"
"18";"Bohemian Rhapsody";"4"
"19";"Roma";"3"
"20";"Black Panther";"3"
"21";"The Favourite";"1"
"22";"A Star Is Born";"1"
"23";"Vice";"1"
"24";"BlacKkKlansman";"1"
"25";"First Man";"1"
"26";"If Beale Street Could Talk";"1"
"27";"Bao";"1"
"28";"Free Solo";"1"
"29";"Period. End of Sentence.";"1"
"30";"Skin";"1"
"31";"Spider-Man: Into the Spider-Verse";"1"
"32";"The Shape of Water";"4"
"33";"Dunkirk";"3"
"34";"Three Billboards Outside Ebbing, Missouri";"2"
"35";"Darkest Hour";"2"
"36";"Blade Runner 2049";"2"
"37";"Coco";"2"
"38";"Phantom Thread";"1"
"39";"Call Me by Your Name";"1"
"40";"Get Out";"1"
"41";"I, Tonya";"1"
"42";"Dear Basketball";"1"
"43";"A Fantastic Woman";"1"
"44";"Heaven Is a Traffic Jam on the 405";"1"
"45";"Icarus";"1"
"46";"The Silent Child";"1"
"47";"Flesh and Sand (Carne y arena)";"0 (1)[1]"
"48";"Moonlight";"3"
"49";"La La Land";"6"
"50";"Hacksaw Ridge";"2"
"51";"Manchester by the Sea";"2"
"52";"Arrival";"1"
"53";"Fences";"1"
"54";"Fantastic Beasts and Where to Find Them";"1"
"55";"The Jungle Book";"1"
"56";"O.J.: Made in America";"1"
"57";"Piper";"1"
"58";"The Salesman";"1"
"59";"Sing";"1"
"60";"Suicide Squad";"1"
"61";"The White Helmets";"1"
"62";"Zootopia";"1"
"63";"Spotlight";"2"
"64";"Mad Max: Fury Road";"6"
"65";"The Revenant";"3"
"66";"Bridge of Spies";"1"
"67";"The Big Short";"1"
"68";"The Danish Girl";"1"
"69";"Room";"1"
"70";"The Hateful Eight";"1"
"71";"Ex Machina";"1"
"72";"Inside Out";"1"
"73";"Amy";"1"
"74";"Bear Story";"1"
"75";"A Girl in the River: The Price of Forgiveness";"1"
"76";"Son of Saul";"1"
"77";"Spectre";"1"
"78";"Stutterer";"1"
"79";"Birdman";"4"
"80";"The Grand Budapest Hotel";"4"
"81";"Whiplash";"3"
"82";"The Imitation Game";"1"
"83";"American Sniper";"1"
"84";"Boyhood";"1"
"85";"Interstellar";"1"
"86";"The Theory of Everything";"1"
"87";"Ida";"1"
"88";"Selma";"1"
"89";"Citizenfour";"1"
"90";"Big Hero 6";"1"
"91";"Crisis Hotline: Veterans Press 1";"1"
"92";"The Phone Call";"1"
"93";"Still Alice";"1"
"94";"Feast";"1"
"95";"12 Years a Slave";"3"
"96";"Gravity";"7"
"97";"Dallas Buyers Club";"3"
"98";"Frozen";"2"
"99";"The Great Gatsby";"2"
"100";"Her";"1"
"101";"Blue Jasmine";"1"
"102";"Mr Hublot";"1"
"103";"The Lady in Number 6";"1"
"104";"Helium";"1"
"105";"The Great Beauty";"1"
"106";"20 Feet from Stardom";"1"
"107";"Argo";"3"
"108";"Life of Pi";"4"
"109";"Les Misérables";"3"
"110";"Lincoln";"2"
"111";"Django Unchained";"2"
"112";"Skyfall";"2"
"113";"Silver Linings Playbook";"1"
"114";"Zero Dark Thirty";"1"
"115";"Amour";"1"
"116";"Anna Karenina";"1"
"117";"Paperman";"1"
"118";"Brave";"1"
"119";"Searching for Sugar Man";"1"
"120";"Inocente";"1"
"121";"Curfew";"1"
"122";"The Artist";"5"
"123";"Hugo";"5"
"124";"The Iron Lady";"2"
"125";"The Descendants";"1"
"126";"The Girl with the Dragon Tattoo";"1"
"127";"Midnight in Paris";"1"
"128";"The Help";"1"
"129";"A Separation";"1"
"130";"The Fantastic Flying Books of Mr. Morris Lessmore";"1"
"131";"The Shore";"1"
"132";"Undefeated";"1"
"133";"The Muppets";"1"
"134";"Saving Face";"1"
"135";"Beginners";"1"
"136";"Rango";"1"
"137";"The King's Speech";"4"
"138";"Inception";"4"
"139";"The Social Network";"3"
"140";"The Fighter";"2"
"141";"Toy Story 3";"2"
"142";"Alice in Wonderland";"2"
"143";"Black Swan";"1"
"144";"In a Better World";"1"
"145";"The Lost Thing";"1"
"146";"God of Love";"1"
"147";"The Wolfman";"1"
"148";"Strangers No More";"1"
"149";"Inside Job";"1"
"150";"The Hurt Locker";"6"
"151";"Avatar";"3"
"152";"Precious";"2"
"153";"Up";"2"
"154";"Crazy Heart";"2"
"155";"Inglourious Basterds";"1"
"156";"Star Trek";"1"
"157";"The Young Victoria";"1"
"158";"The Blind Side";"1"
"159";"Music by Prudence";"1"
"160";"The Secret in Their Eyes";"1"
"161";"The Cove";"1"
"162";"The New Tenants";"1"
"163";"Logorama";"1"
"164";"Slumdog Millionaire";"8"
"165";"The Curious Case of Benjamin Button";"3"
"166";"Milk";"2"
"167";"The Dark Knight";"2"
"168";"WALL-E";"1"
"169";"The Reader";"1"
"170";"The Duchess";"1"
"171";"Departures";"1"
"172";"Vicky Cristina Barcelona";"1"
"173";"Smile Pinki";"1"
"174";"Man on Wire";"1"
"175";"Toyland";"1"
"176";"La Maison en Petits Cubes";"1"
"177";"No Country for Old Men";"4"
"178";"The Bourne Ultimatum";"3"
"179";"There Will Be Blood";"2"
"180";"La Vie en rose";"2"
"181";"Atonement";"1"
"182";"Michael Clayton";"1"
"183";"Ratatouille";"1"
"184";"Juno";"1"
"185";"Sweeney Todd: The Demon Barber of Fleet Street";"1"
"186";"The Golden Compass";"1"
"187";"Elizabeth: The Golden Age";"1"
"188";"Taxi to the Dark Side";"1"
"189";"Peter & the Wolf";"1"
"190";"Once";"1"
"191";"Le Mozart des pickpockets";"1"
"192";"The Counterfeiters (Die Fälscher)";"1"
"193";"Freeheld";"1"
"194";"The Departed";"4"
"195";"Pan's Labyrinth (El laberinto del fauno)";"3"
"196";"Dreamgirls";"2"
"197";"Little Miss Sunshine";"2"
"198";"An Inconvenient Truth";"2"
"199";"Babel";"1"
"200";"The Queen";"1"
"201";"Letters from Iwo Jima";"1"
"202";"Pirates of the Caribbean: Dead Man's Chest";"1"
"203";"The Danish Poet";"1"
"204";"Happy Feet";"1"
"205";"The Last King of Scotland";"1"
"206";"The Lives of Others (Das Leben der Anderen)";"1"
"207";"Marie Antoinette";"1"
"208";"West Bank Story";"1"
"209";"The Blood of Yingzhou District";"1"
"210";"Crash";"3"
"211";"Brokeback Mountain";"3"
"212";"Memoirs of a Geisha";"3"
"213";"King Kong";"3"
"214";"Capote";"1"
"215";"Walk the Line";"1"
"216";"The Constant Gardener";"1"
"217";"The Chronicles of Narnia: The Lion, the Witch and the Wardrobe";"1"
"218";"Hustle & Flow";"1"
"219";"Syriana";"1"
"220";"March of the Penguins (La Marche de l'empereur)";"1"
"221";"Six Shooter";"1"
"222";"The Moon and the Son: An Imagined Conversation";"1"
"223";"A Note of Triumph: The Golden Age of Norman Corwin";"1"
"224";"Tsotsi";"1"
"225";"Wallace & Gromit: The Curse of the Were-Rabbit";"1"
"226";"Million Dollar Baby";"4"
"227";"The Aviator";"5"
"228";"Ray";"2"
"229";"The Incredibles";"2"
"230";"Finding Neverland";"1"
"231";"Sideways";"1"
"232";"Lemony Snicket's A Series of Unfortunate Events";"1"
"233";"Spider-Man 2";"1"
"234";"Eternal Sunshine of the Spotless Mind";"1"
"235";"The Motorcycle Diaries";"1"
"236";"The Sea Inside";"1"
"237";"Born into Brothels";"1"
"238";"Mighty Times: The Children's March";"1"
"239";"Wasp";"1"
"240";"Ryan";"1"
"241";"The Lord of the Rings: The Return of the King";"11"
"242";"Master and Commander: The Far Side of the World";"2"
"243";"Mystic River";"2"
"244";"Cold Mountain";"1"
"245";"Lost in Translation";"1"
"246";"Finding Nemo";"1"
"247";"The Barbarian Invasions";"1"
"248";"Two Soldiers";"1"
"249";"Monster";"1"
"250";"Harvie Krumpet";"1"
"251";"Chernobyl Heart";"1"
"252";"The Fog of War";"1"
"253";"Chicago";"6"
"254";"The Pianist";"3"
"255";"The Lord of the Rings: The Two Towers";"2"
"256";"Frida";"2"
"257";"The Hours";"1"
"258";"Road to Perdition";"1"
"259";"Adaptation";"1"
"260";"Talk to Her (Hable con ella)";"1"
"261";"This Charming Man (Der Er En Yndig Mand)";"1"
"262";"Spirited Away";"1"
"263";"Nowhere in Africa (Nirgendwo in Afrika)";"1"
"264";"The ChubbChubbs!";"1"
"265";"Twin Towers";"1"
"266";"Bowling for Columbine";"1"
"267";"8 Mile";"1"
"268";"A Beautiful Mind";"4"
"269";"The Lord of the Rings: The Fellowship of the Ring";"4"
"270";"Moulin Rouge!";"2"
"271";"Black Hawk Down";"2"
"272";"Gosford Park";"1"
"273";"Monsters, Inc.";"1"
"274";"Pearl Harbor";"1"
"275";"Iris";"1"
"276";"Shrek";"1"
"277";"Training Day";"1"
"278";"Monster's Ball";"1"
"279";"Thoth";"1"
"280";"For the Birds";"1"
"281";"No Man's Land";"1"
"282";"Murder on a Sunday Morning (Un coupable idéal)";"1"
"283";"The Accountant";"1"
"284";"Gladiator";"5"
"285";"Crouching Tiger, Hidden Dragon";"4"
"286";"Traffic";"4"
"287";"Erin Brockovich";"1"
"288";"Almost Famous";"1"
"289";"Wonder Boys";"1"
"290";"How the Grinch Stole Christmas";"1"
"291";"U-571";"1"
"292";"Pollock";"1"
"293";"Father and Daughter";"1"
"294";"Into the Arms of Strangers: Stories of the Kindertransport";"1"
"295";"Quiero ser (I want to be...)";"1"
"296";"Big Mama";"1"
"297";"American Beauty";"5"
"298";"The Matrix";"4"
"299";"The Cider House Rules";"2"
"300";"Topsy-Turvy";"2"
"301";"Sleepy Hollow";"1"
"302";"Boys Don't Cry";"1"
"303";"Tarzan";"1"
"304";"One Day in September";"1"
"305";"The Red Violin (Le violon rouge)";"1"
"306";"The Old Man and the Sea";"1"
"307";"My Mother Dreams the Satan's Disciples in New York";"1"
"308";"King Gimp";"1"
"309";"Girl, Interrupted";"1"
"310";"All About My Mother (Todo sobre mi madre)";"1"
"311";"Shakespeare in Love";"7"
"312";"Saving Private Ryan";"5"
"313";"Life Is Beautiful (La vita è bella)";"3"
"314";"Elizabeth";"1"
"315";"Gods and Monsters";"1"
"316";"The Prince of Egypt";"1"
"317";"Affliction";"1"
"318";"What Dreams May Come";"1"
"319";"The Personals";"1"
"320";"The Last Days";"1"
"321";"Election Night (Valgaften)";"1"
"322";"Bunny";"1"
"323";"Titanic";"11"
"324";"Good Will Hunting";"2"
"325";"L.A. Confidential";"2"
"326";"As Good as It Gets";"2"
"327";"The Full Monty";"1"
"328";"Men in Black";"1"
"329";"Visas and Virtue";"1"
"330";"Character (Karakter)";"1"
"331";"Geri's Game";"1"
"332";"A Story of Healing";"1"
"333";"The Long Way Home";"1"
"334";"The English Patient";"9"
"335";"Fargo";"2"
"336";"Shine";"1"
"337";"Evita";"1"
"338";"Jerry Maguire";"1"
"339";"Independence Day";"1"
"340";"Emma";"1"
"341";"Sling Blade";"1"
"342";"The Ghost and the Darkness";"1"
"343";"Kolya";"1"
"344";"The Nutty Professor";"1"
"345";"Quest";"1"
"346";"When We Were Kings";"1"
"347";"Breathing Lessons: The Life and Work of Mark O'Brien";"1"
"348";"Dear Diary";"1"
"349";"Braveheart";"5"
"350";"Apollo 13";"2"
"351";"Pocahontas";"2"
"352";"The Usual Suspects";"2"
"353";"Restoration";"2"
"354";"Babe";"1"
"355";"Sense and Sensibility";"1"
"356";"Il Postino: The Postman";"1"
"357";"Dead Man Walking";"1"
"358";"Leaving Las Vegas";"1"
"359";"Mighty Aphrodite";"1"
"360";"Anne Frank Remembered";"1"
"361";"A Close Shave";"1"
"362";"Lieberman in Love";"1"
"363";"One Survivor Remembers";"1"
"364";"Antonia's Line (Antonia)";"1"
"365";"Toy Story";"0 (1)"
"366";"Forrest Gump";"6"
"367";"The Lion King";"2"
"368";"Speed";"2"
"369";"Ed Wood";"2"
"370";"Pulp Fiction";"1"
"371";"Bullets over Broadway";"1"
"372";"The Madness of King George";"1"
"373";"Legends of the Fall";"1"
"374";"A Time for Justice";"1"
"375";"Franz Kafka's It's a Wonderful Life";"1"
"376";"Maya Lin: A Strong Clear Vision";"1"
"377";"Burnt by the Sun (Utomlyonnye solntsem)";"1"
"378";"Trevor";"1"
"379";"The Adventures of Priscilla, Queen of the Desert";"1"
"380";"Bob's Birthday";"1"
"381";"Blue Sky";"1"
"382";"Schindler's List";"7"
"383";"The Piano";"3"
"384";"Jurassic Park";"3"
"385";"Philadelphia";"2"
"386";"The Fugitive";"1"
"387";"The Age of Innocence";"1"
"388";"The Wrong Trousers";"1"
"389";"Belle Epoque (The Beautiful Era)";"1"
"390";"I Am a Promise: The Children of Stanton Elementary School";"1"
"391";"Mrs. Doubtfire";"1"
"392";"Black Rider (Schwarzfahrer)";"1"
"393";"Defending Our Lives";"1"
"394";"Unforgiven";"4"
"395";"Howards End";"3"
"396";"Bram Stoker's Dracula";"3"
"397";"Aladdin";"2"
"398";"The Crying Game";"1"
"399";"Scent of a Woman";"1"
"400";"A River Runs Through It";"1"
"401";"Indochine";"1"
"402";"My Cousin Vinny";"1"
"403";"The Panama Deception";"1"
"404";"Educating Peter";"1"
"405";"The Last of the Mohicans";"1"
"406";"Death Becomes Her";"1"
"407";"Omnibus";"1"
"408";"Mona Lisa Descending a Staircase";"1"
"409";"The Silence of the Lambs";"5"
"410";"Terminator 2: Judgment Day";"4"
"411";"Bugsy";"2"
"412";"JFK";"2"
"413";"Beauty and the Beast";"2"
"414";"Thelma & Louise";"1"
"415";"The Fisher King";"1"
"416";"In the Shadow of the Stars";"1"
"417";"Manipulation";"1"
"418";"Mediterraneo";"1"
"419";"Session Man";"1"
"420";"City Slickers";"1"
"421";"Deadly Deception: General Electric, Nuclear Weapons and Our Environment";"1"
"422";"Dances with Wolves";"7"
"423";"Dick Tracy";"3"
"424";"Ghost";"2"
"425";"Goodfellas";"1"
"426";"The Hunt for Red October";"1"
"427";"Reversal of Fortune";"1"
"428";"Cyrano de Bergerac";"1"
"429";"American Dream";"1"
"430";"Journey of Hope (Reise der Hoffnung)";"1"
"431";"Days of Waiting";"1"
"432";"Creature Comforts";"1"
"433";"The Lunch Date";"1"
"434";"Misery";"1"
"435";"Total Recall";"0 (1)"
"436";"Driving Miss Daisy";"4"
"437";"Glory";"3"
"438";"Born on the Fourth of July";"2"
"439";"My Left Foot";"2"
"440";"The Little Mermaid";"2"
"441";"Dead Poets Society";"1"
"442";"The Abyss";"1"
"443";"Indiana Jones and the Last Crusade";"1"
"444";"Henry V";"1"
"445";"The Johnstown Flood";"1"
"446";"Common Threads: Stories from the Quilt";"1"
"447";"Cinema Paradiso";"1"
"448";"Work Experience";"1"
"449";"Batman";"1"
"450";"Balance";"1"
"451";"Rain Man";"4"
"452";"Dangerous Liaisons";"3"
"453";"Who Framed Roger Rabbit";"3 (1)"
"454";"Mississippi Burning";"1"
"455";"Working Girl";"1"
"456";"The Accidental Tourist";"1"
"457";"A Fish Called Wanda";"1"
"458";"Pelle the Conqueror (Pelle erobreren)";"1"
"459";"The Accused";"1"
"460";"The Appointments of Dennis Jennings";"1"
"461";"Beetlejuice";"1"
"462";"Bird";"1"
"463";"Hôtel Terminus: The Life and Times of Klaus Barbie";"1"
"464";"The Milagro Beanfield War";"1"
"465";"Tin Toy";"1"
"466";"You Don't Have to Die";"1"
"467";"The Last Emperor";"9"
"468";"Moonstruck";"3"
"469";"The Untouchables";"1"
"470";"Babette's Feast (Babettes gæstebud)";"1"
"471";"Dirty Dancing";"1"
"472";"Harry and the Hendersons";"1"
"473";"Innerspace";"1"
"474";"The Man Who Planted Trees (L' Homme qui plantait des arbres)";"1"
"475";"Ray's Male Heterosexual Dance Hall";"1"
"476";"The Ten-Year Lunch";"1"
"477";"Wall Street";"1"
"478";"Young at Heart";"1"
"479";"RoboCop";"0 (1)"
"480";"Platoon";"4"
"481";"A Room with a View";"3"
"482";"Hannah and Her Sisters";"3"
"483";"Aliens";"2"
"484";"The Mission";"1"
"485";"Children of a Lesser God";"1"
"486";"The Color of Money";"1"
"487";"Top Gun";"1"
"488";"Round Midnight";"1"
"489";"Artie Shaw: Time Is All You've Got";"1"
"490";"The Assault (De Aanslag)";"1"
"491";"Down and Out in America";"1"
"492";"The Fly";"1"
"493";"A Greek Tragedy";"1"
"494";"Precious Images";"1"
"495";"Women – for America, for the World";"1"
"496";"Out of Africa";"7"
"497";"Witness";"2"
"498";"Cocoon";"2"
"499";"Prizzi's Honor";"1"
"500";"Back to the Future";"1"
"501";"Kiss of the Spider Woman";"1"
"502";"Ran";"1"
"503";"The Official Story (La Historia Oficial)";"1"
"504";"The Trip to Bountiful";"1"
"505";"White Nights";"1"
"506";"Anna & Bella";"1"
"507";"Broken Rainbow";"1"
"508";"Mask";"1"
"509";"Molly's Pilgrim";"1"
"510";"Witness to War: Dr. Charlie Clements";"1"
"511";"Amadeus";"8"
"512";"The Killing Fields";"3"
"513";"A Passage to India";"2"
"514";"Places in the Heart";"2"
"515";"Indiana Jones and the Temple of Doom";"1"
"516";"Charade";"1"
"517";"Dangerous Moves (La Diagonale du fou)";"1"
"518";"Purple Rain";"1"
"519";"The Stone Carvers";"1"
"520";"The Times of Harvey Milk";"1"
"521";"Up";"1"
"522";"The Woman in Red";"1"
"523";"The River";"0 (1)"
"524";"Terms of Endearment";"5"
"525";"The Right Stuff";"4"
"526";"Fanny & Alexander (Fanny och Alexander)";"4"
"527";"Tender Mercies";"2"
"528";"Yentl";"1"
"529";"Flashdance";"1"
"530";"Boys and Girls";"1"
"531";"Flamenco at 5:15";"1"
"532";"He Makes Me Feel Like Dancin'";"1"
"533";"Sundae in New York";"1"
"534";"The Year of Living Dangerously";"1"
"535";"Return of the Jedi";"0 (1)"
"536";"Gandhi";"8"
"537";"E.T.: The Extra-Terrestrial";"4"
"538";"An Officer and a Gentleman";"2"
"539";"Tootsie";"1"
"540";"Victor/Victoria";"1"
"541";"Sophie's Choice";"1"
"542";"Missing";"1"
"543";"If You Love This Planet";"1"
"544";"Just Another Missing Kid";"1"
"545";"A Shocking Accident";"1"
"546";"Tango";"1"
"547";"To Begin Again (Volver a empezar)";"1"
"548";"Quest for Fire";"1"
"549";"Chariots of Fire";"4"
"550";"Raiders of the Lost Ark";"4 (1)"
"551";"Reds";"3"
"552";"On Golden Pond";"3"
"553";"Arthur";"2"
"554";"An American Werewolf in London";"1"
"555";"Close Harmony";"1"
"556";"Crac";"1"
"557";"Genocide";"1"
"558";"Mephisto";"1"
"559";"Violet";"1"
"560";"Ordinary People";"4"
"561";"Tess";"3"
"562";"Raging Bull";"2"
"563";"Fame";"2"
"564";"Melvin and Howard";"2"
"565";"Coal Miner's Daughter";"1"
"566";"The Empire Strikes Back";"1 (1)"
"567";"The Dollar Bottom";"1"
"568";"The Fly (A Légy)";"1"
"569";"From Mao to Mozart: Isaac Stern in China";"1"
"570";"Karl Hess: Toward Liberty";"1"
"571";"Moscow Does Not Believe in Tears";"1"
"572";"Kramer vs. Kramer";"5"
"573";"All That Jazz";"4"
"574";"Apocalypse Now";"2"
"575";"Norma Rae";"2"
"576";"Breaking Away";"1"
"577";"Alien";"1"
"578";"Being There";"1"
"579";"A Little Romance";"1"
"580";"Best Boy";"1"
"581";"Board and Care";"1"
"582";"Every Child";"1"
"583";"Paul Robeson: Tribute to an Artist";"1"
"584";"The Tin Drum (Die Blechtrommel)";"1"
"585";"The Black Stallion";"0 (1)"
"586";"The Deer Hunter";"5"
"587";"Coming Home";"3"
"588";"Midnight Express";"2"
"589";"Heaven Can Wait";"1"
"590";"Days of Heaven";"1"
"591";"California Suite";"1"
"592";"The Buddy Holly Story";"1"
"593";"Death on the Nile";"1"
"594";"The Flight of the Gossamer Condor";"1"
"595";"Get Out Your Handkerchiefs (Préparez vos mouchoirs)";"1"
"596";"Scared Straight!";"1"
"597";"Special Delivery";"1"
"598";"Teenage Father";"1"
"599";"Thank God It's Friday";"1"
"600";"Superman";"0 (1)"
"601";"Annie Hall";"4"
"602";"Star Wars";"6 (1)"
"603";"Julia";"3"
"604";"Close Encounters of the Third Kind";"1 (1)"
"605";"The Goodbye Girl";"1"
"606";"A Little Night Music";"1"
"607";"Gravity Is My Enemy";"1"
"608";"I'll Find a Way";"1"
"609";"Madame Rosa (La Vie devant soi)";"1"
"610";"The Sand Castle (Le Château de sable)";"1"
"611";"Who Are the DeBolts? And Where Did They Get Nineteen Kids?";"1"
"612";"You Light Up My Life";"1"
"613";"Rocky";"3"
"614";"Network";"4"
"615";"All the President's Men";"4"
"616";"Bound for Glory";"2"
"617";"A Star Is Born";"1"
"618";"Fellini's Casanova (Il Casanova di Federico Fellini)";"1"
"619";"The Omen";"1"
"620";"Black and White in Color (Noirs et blancs en couleur)";"1"
"621";"Harlan County, USA";"1"
"622";"In the Region of Ice";"1"
"623";"Leisure";"1"
"624";"Number Our Days";"1"
"625";"King Kong";"0 (1)"
"626";"Logan's Run";"0 (1)"
"627";"One Flew over the Cuckoo's Nest";"5"
"628";"Barry Lyndon";"4"
"629";"Jaws";"3"
"630";"Dog Day Afternoon";"1"
"631";"Nashville";"1"
"632";"Shampoo";"1"
"633";"The Sunshine Boys";"1"
"634";"Angel and Big Joe";"1"
"635";"Dersu Uzala";"1"
"636";"The End of the Game";"1"
"637";"Great (Great (Isambard Kingdom Brunel))";"1"
"638";"The Man Who Skied Down Everest";"1"
"639";"The Hindenburg";"0 (2)"
"640";"The Godfather Part II";"6"
"641";"The Towering Inferno";"3"
"642";"The Great Gatsby";"2"
"643";"Chinatown";"1"
"644";"Murder on the Orient Express";"1"
"645";"Earthquake";"1 (1)"
"646";"Alice Doesn't Live Here Anymore";"1"
"647";"Amarcord";"1"
"648";"Harry and Tonto";"1"
"649";"Closed Mondays";"1"
"650";"Don't";"1"
"651";"Hearts and Minds";"1"
"652";"One-Eyed Men Are Kings (...borgnes sont rois, Les)";"1"
"653";"The Sting";"7"
"654";"The Exorcist";"2"
"655";"The Way We Were";"2"
"656";"Cries and Whispers (Viskningar och rop)";"1"
"657";"A Touch of Class";"1"
"658";"Day for Night (La Nuit américaine)";"1"
"659";"Paper Moon";"1"
"660";"The Paper Chase";"1"
"661";"Save the Tiger";"1"
"662";"The Bolero";"1"
"663";"Frank Film";"1"
"664";"The Great American Cowboy";"1"
"665";"Princeton: A Search for Answers";"1"
"666";"The Godfather";"3"
"667";"Cabaret";"8"
"668";"The Poseidon Adventure";"1 (1)"
"669";"Travels with My Aunt";"1"
"670";"Butterflies Are Free";"1"
"671";"The Candidate";"1"
"672";"The Discreet Charm of the Bourgeoisie (Le charme discret de la bourgeoisie)";"1"
"673";"A Christmas Carol";"1"
"674";"Limelight";"1"
"675";"Marjoe";"1"
"676";"Norman Rockwell's World... An American Dream";"1"
"677";"This Tiny World";"1"
"678";"The French Connection";"5"
"679";"Fiddler on the Roof";"3"
"680";"The Last Picture Show";"2"
"681";"Nicholas and Alexandra";"2"
"682";"Sentinels of Silence";"2"
"683";"Bedknobs and Broomsticks";"1"
"684";"Summer of '42";"1"
"685";"The Garden of the Finzi-Continis (Il Giardino dei Finzi-Contini)";"1"
"686";"The Hospital";"1"
"687";"Klute";"1"
"688";"Shaft";"1"
"689";"The Crunch Bird";"1"
"690";"The Hellstrom Chronicle";"1"
"691";"Patton";"7"
"692";"Ryan's Daughter";"2"
"693";"Airport";"1"
"694";"Love Story";"1"
"695";"M*A*S*H";"1"
"696";"Tora! Tora! Tora!";"1"
"697";"Women in Love";"1"
"698";"Lovers and Other Strangers";"1"
"699";"Woodstock";"1"
"700";"Cromwell";"1"
"701";"Investigation of a Citizen Above Suspicion (Indagine su un cittadino al di sopra di ogni sospetto)";"1"
"702";"Interviews with My Lai Veterans";"1"
"703";"Is It Always Right to Be Right?";"1"
"704";"Let It Be";"1"
"705";"The Resurrection of Broncho Billy";"1"
"706";"Midnight Cowboy";"3"
"707";"Butch Cassidy and the Sundance Kid";"4"
"708";"Hello, Dolly!";"3"
"709";"Z";"2"
"710";"Anne of the Thousand Days";"1"
"711";"They Shoot Horses, Don't They?";"1"
"712";"Marooned";"1"
"713";"The Magic Machines";"1"
"714";"The Prime of Miss Jean Brodie";"1"
"715";"True Grit";"1"
"716";"Arthur Rubinstein – The Love of Life (L'amour de la vie - Artur Rubinstein)";"1"
"717";"Cactus Flower";"1"
"718";"Czechoslovakia 1968";"1"
"719";"It's Tough to Be a Bird";"1"
"720";"Oliver!";"5 (1)"
"721";"The Lion in Winter";"3"
"722";"Romeo and Juliet";"2"
"723";"Funny Girl";"1"
"724";"2001: A Space Odyssey";"1"
"725";"Bullitt";"1"
"726";"The Producers";"1"
"727";"Rosemary's Baby";"1"
"728";"The Subject Was Roses";"1"
"729";"The Thomas Crown Affair";"1"
"730";"War and Peace (Voyna i mir)";"1"
"731";"Charly";"1"
"732";"Journey into Self";"1"
"733";"Robert Kennedy Remembered";"1"
"734";"Why Man Creates";"1"
"735";"Winnie the Pooh and the Blustery Day";"1"
"736";"Planet of the Apes";"0 (1)"
"737";"In the Heat of the Night";"5"
"738";"Camelot";"3"
"739";"Bonnie and Clyde";"2"
"740";"Guess Who's Coming to Dinner";"2"
"741";"Doctor Dolittle";"2"
"742";"The Graduate";"1"
"743";"Thoroughly Modern Millie";"1"
"744";"Cool Hand Luke";"1"
"745";"The Dirty Dozen";"1"
"746";"A Place to Stand";"1"
"747";"The Anderson Platoon (La Section Anderson)";"1"
"748";"The Box";"1"
"749";"Closely Watched Trains (Ostre sledované vlaky)";"1"
"750";"The Redwoods";"1"
"751";"A Man for All Seasons";"6"
"752";"Who's Afraid of Virginia Woolf?";"5"
"753";"Grand Prix";"3"
"754";"Fantastic Voyage";"2"
"755";"A Man and a Woman";"2"
"756";"Born Free";"2"
"757";"The Fortune Cookie";"1"
"758";"A Funny Thing Happened on the Way to the Forum";"1"
"759";"A Herb Alpert and the Tijuana Brass Double Feature";"1"
"760";"The War Game";"1"
"761";"Wild Wings";"1"
"762";"A Year Toward Tomorrow";"1"
"763";"The Sound of Music";"5"
"764";"Doctor Zhivago";"5"
"765";"Darling";"3"
"766";"Ship of Fools";"2"
"767";"Cat Ballou";"1"
"768";"The Great Race";"1"
"769";"A Patch of Blue";"1"
"770";"A Thousand Clowns";"1"
"771";"The Shop on Main Street (Obchod na korze)";"1"
"772";"The Sandpiper";"1"
"773";"The Eleanor Roosevelt Story";"1"
"774";"To Be Alive!";"1"
"775";"7 Faces of Dr. Lao";"0 (1)"
"776";"7th Heaven";"3"
"777";"20,000 Leagues Under the Sea";"2"
"778";"Adventures of Don Juan";"1"
"779";"The Adventures of Robin Hood";"3"
"780";"The African Queen";"1"
"781";"Air Force";"1"
"782";"The Alamo";"1"
"783";"The Alaskan Eskimo";"1"
"784";"Albert Schweitzer";"1"
"785";"Alexander's Ragtime Band";"1"
"786";"All About Eve";"6"
"787";"All Quiet on the Western Front";"2"
"788";"All That Money Can Buy";"1"
"789";"All the King's Men";"3"
"790";"Ama Girls";"1"
"791";"America America";"1"
"792";"An American in Paris";"6"
"793";"Amphibious Fighters";"1"
"794";"Anastasia";"1"
"795";"Anchors Aweigh";"1"
"796";"Anna and the King of Siam";"2"
"797";"Annie Get Your Gun";"1"
"798";"Anthony Adverse";"4"
"799";"The Apartment";"5"
"800";"Aquatic House Party";"1"
"801";"Arise, My Love";"1"
"802";"Around the World in 80 Days";"5"
"803";"The Awful Truth";"1"
"804";"The Bachelor and the Bobby-Soxer";"1"
"805";"The Bad and the Beautiful";"5"
"806";"Bad Girl";"2"
"807";"The Barefoot Contessa";"1"
"808";"The Battle of Midway";"1"
"809";"Battleground";"2"
"810";"Bear Country";"1"
"811";"Becket";"1"
"812";"The Bells of St. Mary's";"1"
"813";"Ben-Hur";"11"
"814";"Benjy";"1"
"815";"The Bespoke Overcoat";"1"
"816";"The Best Years of Our Lives";"7 (1)"
"817";"Beyond the Line of Duty";"1"
"818";"Bicycle Thieves";"0 (1)"
"819";"The Big Broadcast of 1938";"1"
"820";"The Big Country";"1"
"821";"The Big House";"2"
"822";"Bill and Coo";"0 (1)"
"823";"Birds Anonymous";"1"
"824";"The Bishop's Wife";"1"
"825";"Black Fox: The Rise and Fall of Adolf Hitler (The Black Fox)";"1"
"826";"Black Narcissus";"2"
"827";"Black Orpheus (Orfeu Negro)";"1"
"828";"The Black Swan";"1"
"829";"Blithe Spirit";"1"
"830";"Blood and Sand";"1"
"831";"Blood on the Sun";"1"
"832";"Blossoms in the Dust";"1"
"833";"Body and Soul";"1"
"834";"Bored of Education";"1"
"835";"Born Yesterday";"1"
"836";"A Boy and His Dog";"1"
"837";"Boys Town";"2"
"838";"The Brave One";"1"
"839";"Breakfast at Tiffany's";"2"
"840";"Breaking the Sound Barrier";"1"
"841";"The Bridge of San Luis Rey";"1"
"842";"The Bridge on the River Kwai";"7"
"843";"The Bridges at Toko-Ri";"1"
"844";"Broadway Melody of 1936";"1"
"845";"The Broadway Melody";"1"
"846";"Broken Lance";"1"
"847";"Busy Little Bears";"1"
"848";"BUtterfield 8";"1"
"849";"Calamity Jane";"1"
"850";"Call Me Madam";"1"
"851";"Captain Carey, U.S.A.";"1"
"852";"Captains Courageous";"1"
"853";"Casablanca";"3"
"854";"Casals Conducts: 1964";"1"
"855";"The Cat Concerto";"1"
"856";"Cavalcade";"3"
"857";"Chagall";"1"
"858";"The Champ";"2"
"859";"Champion";"1"
"860";"A Chance to Live";"1"
"861";"The Charge of the Light Brigade";"1"
"862";"The Chicken (Le Poulet)";"1"
"863";"Churchill's Island";"1"
"864";"Cimarron";"3"
"865";"The Circus";"0 (1)"
"866";"Citizen Kane";"1"
"867";"City of Wax";"1"
"868";"Cleopatra";"1"
"869";"Cleopatra";"4"
"870";"Climbing the Matterhorn";"1"
"871";"Come and Get It";"1"
"872";"Come Back, Little Sheba";"1"
"873";"Coquette";"1"
"874";"The Country Cousin";"1"
"875";"The Country Girl";"2"
"876";"Cover Girl";"1"
"877";"The Cowboy and the Lady";"1"
"878";"Crash Dive";"1"
"879";"Crashing the Water Barrier";"1"
"880";"The Critic";"1"
"881";"La Cucaracha";"1"
"882";"Cyrano de Bergerac";"1"
"883";"A Damsel in Distress";"1"
"884";"Dangerous";"1"
"885";"The Dark Angel";"1"
"886";"The Dawn Patrol";"1"
"887";"Day of the Painter";"1"
"888";"Daybreak in Udi";"1"
"889";"Days of Wine and Roses";"1"
"890";"December 7th";"1"
"891";"Declaration of Independence";"1"
"892";"The Defiant Ones";"2"
"893";"Der Fuehrer's Face";"1"
"894";"Desert Victory";"1"
"895";"Design for Death";"1"
"896";"Designing Woman";"1"
"897";"Destination Moon";"1"
"898";"The Diary of Anne Frank";"3"
"899";"Disraeli";"1"
"900";"The Divine Lady";"1"
"901";"Divorce Italian Style";"1"
"902";"The Divorcee";"1"
"903";"Dodsworth";"1"
"904";"The Dot and the Line (The Dot and the Line: A Romance in Lower Mathematics)";"1"
"905";"A Double Life";"2"
"906";"The Dove";"1"
"907";"Dr. Jekyll and Mr. Hyde";"1"
"908";"Dumbo";"1"
"909";"Dylan Thomas";"1"
"910";"East of Eden";"1"
"911";"Easter Parade";"1"
"912";"Elmer Gantry";"3"
"913";"The Enemy Below";"1"
"914";"Eskimo";"1"
"915";"Exodus";"1"
"916";"The Face of Lincoln";"1"
"917";"Facing Your Danger";"1"
"918";"The Facts of Life";"1"
"919";"Fantasia";"0 (2)"
"920";"A Farewell to Arms";"2"
"921";"The Farmer's Daughter";"1"
"922";"Father Goose";"1"
"923";"Federico Fellini's 8½";"2"
"924";"Ferdinand the Bull";"1"
"925";"The Fighting Lady";"1"
"926";"First Steps";"1"
"927";"Flowers and Trees";"1"
"928";"Folies Bergere";"1"
"929";"For Scent-imental Reasons";"1"
"930";"For Whom the Bell Tolls";"1"
"931";"Forbidden Games";"0 (1)"
"932";"A Force in Readiness";"0 (1)"
"933";"A Free Soul";"1"
"934";"Frenchman's Creek";"1"
"935";"From Here to Eternity";"8"
"936";"The Garden of Allah";"0 (1)"
"937";"Gaslight";"2"
"938";"Gate of Hell (Jigokumon)";"1 (1)"
"939";"The Gay Divorcee";"1"
"940";"Gentleman's Agreement";"3"
"941";"Gerald McBoing-Boing";"1"
"942";"Giant";"1"
"943";"Gigi";"9"
"944";"Giuseppina";"1"
"945";"Give Me Liberty";"1"
"946";"Glass (Glas)";"1"
"947";"The Glenn Miller Story";"1"
"948";"Going My Way";"7"
"949";"Gold Diggers of 1935";"1"
"950";"The Golden Fish (Histoire d'un poisson rouge)";"1"
"951";"Goldfinger";"1"
"952";"Gone with the Wind";"8 (2)"
"953";"The Good Earth";"2"
"954";"Goodbye, Miss Turlock";"1"
"955";"Goodbye, Mr. Chips";"1"
"956";"Grand Canyon";"1"
"957";"Grand Hotel";"1"
"958";"Grandad of Races";"1"
"959";"The Grapes of Wrath";"2"
"960";"The Great Caruso";"1"
"961";"Great Expectations";"2"
"962";"The Great Lie";"1"
"963";"The Great McGinty";"1"
"964";"The Great Waltz";"1"
"965";"The Great Ziegfeld";"3"
"966";"The Greatest Show on Earth";"2"
"967";"Green Dolphin Street";"1"
"968";"The Guns of Navarone";"1"
"969";"Hamlet";"4"
"970";"Happy Anniversary (Heureux Anniversaire)";"1"
"971";"Harvey";"1"
"972";"The Harvey Girls";"1"
"973";"Heavenly Music";"1"
"974";"The Heiress";"4"
"975";"Helen Keller in Her Story (The Unconquered)";"1"
"976";"Hello, Frisco, Hello";"1"
"977";"Henry V";"0 (1)"
"978";"Here Comes Mr. Jordan";"2"
"979";"Here Comes the Groom";"1"
"980";"The High and the Mighty";"1"
"981";"High Noon";"4"
"982";"Hitler Lives";"1"
"983";"A Hole in the Head";"1"
"984";"The Hole";"1"
"985";"Holiday Inn";"1"
"986";"The Horse with the Flying Tail";"1"
"987";"The House I Live In";"0 (1)"
"988";"The House on 92nd Street";"1"
"989";"How Green Was My Valley";"5"
"990";"How the West Was Won";"3"
"991";"How to Sleep";"1"
"992";"Hud";"3"
"993";"The Human Comedy";"1"
"994";"The Hurricane";"1"
"995";"The Hustler";"2"
"996";"I Want to Live!";"1"
"997";"I Wanted Wings";"1"
"998";"I Won't Play";"1"
"999";"I'll Cry Tomorrow";"1"
"1000";"In Beaver Valley";"1"
"1001";"In Old Arizona";"1"
"1002";"In Old Chicago";"2"
"1003";"In Which We Serve";"0 (1)"
"1004";"The Informer";"4"
"1005";"Interrupted Melody";"1"
"1006";"The Invaders";"1"
"1007";"Irma la Douce";"1"
"1008";"It Happened One Night";"5"
"1009";"It's a Mad, Mad, Mad, Mad World";"1"
"1010";"The Jazz Singer";"0 (1)"
"1011";"Jezebel";"2"
"1012";"Joan of Arc";"2 (1)"
"1013";"Johann Mouse";"1"
"1014";"Johnny Belinda";"1"
"1015";"Johnny Eager";"1"
"1016";"The Joker Is Wild";"1"
"1017";"The Jolson Story";"2"
"1018";"Judgment at Nuremberg";"2"
"1019";"Julius Caesar";"1"
"1020";"Kentucky";"1"
"1021";"Key Largo";"1"
"1022";"The King and I";"5"
"1023";"King of Jazz";"1"
"1024";"King Solomon's Mines";"2"
"1025";"Kitty Foyle (Kitty Foyle: The Natural History of a Woman)";"1"
"1026";"Knighty Knight Bugs";"1"
"1027";"Kokoda Front Line!";"1"
"1028";"Kon-Tiki";"1"
"1029";"Krakatoa";"1"
"1030";"Kukan";"0 (1)"
"1031";"La Strada (The Road)";"1"
"1032";"La Dolce Vita";"1"
"1033";"Lady Be Good";"1"
"1034";"The Last Command";"1"
"1035";"Laura";"1"
"1036";"The Lavender Hill Mob";"1"
"1037";"Lawrence of Arabia";"7"
"1038";"Leave Her to Heaven";"1"
"1039";"Lend a Paw";"1"
"1040";"Les Girls";"1"
"1041";"A Letter to Three Wives";"2"
"1042";"The Life of Emile Zola";"3"
"1043";"Light in the Window";"1"
"1044";"Lili";"1"
"1045";"Lilies of the Field";"1"
"1046";"The Little Kidnappers (The Kidnappers)";"0 (2)"
"1047";"The Little Orphan";"1"
"1048";"Little Women";"1"
"1049";"Little Women";"1"
"1050";"The Lives of a Bengal Lancer";"1"
"1051";"The Living Desert";"1"
"1052";"The Longest Day";"2"
"1053";"Lost Horizon";"2"
"1054";"The Lost Weekend";"4"
"1055";"Love Is a Many-Splendored Thing";"3"
"1056";"Love Me or Leave Me";"1"
"1057";"Lust for Life";"1"
"1058";"Magoo's Puddle Jumper";"1"
"1059";"Main Street on the March!";"1"
"1060";"The Man Who Knew Too Much";"1"
"1061";"Manhattan Melodrama";"1"
"1062";"Marie-Louise";"1"
"1063";"Marty";"4"
"1064";"Mary Poppins";"5"
"1065";"Men Against the Arctic";"1"
"1066";"The Merry Widow";"1"
"1067";"A Midsummer Night's Dream";"2"
"1068";"Mighty Joe Young";"1"
"1069";"Mildred Pierce";"1"
"1070";"The Milky Way";"1"
"1071";"Min and Bill";"1"
"1072";"Miracle on 34th Street";"3"
"1073";"The Miracle Worker";"2"
"1074";"Mister Roberts";"1"
"1075";"Monsieur Vincent";"0 (1)"
"1076";"Moonbird";"1"
"1077";"The More the Merrier";"1"
"1078";"Morning Glory";"1"
"1079";"Moscow Strikes Back";"1"
"1080";"Mother Wore Tights";"1"
"1081";"Moulin Rouge";"2"
"1082";"Mouse Trouble";"1"
"1083";"Mr. Deeds Goes to Town";"1"
"1084";"Mr. Smith Goes to Washington";"1"
"1085";"Mrs. Miniver";"6"
"1086";"Munro";"1"
"1087";"The Music Box";"1"
"1088";"The Music Man";"1"
"1089";"Mutiny on the Bounty";"1"
"1090";"My Fair Lady";"8"
"1091";"My Uncle (Mon oncle)";"1"
"1092";"My Gal Sal";"1"
"1093";"The Naked City";"2"
"1094";"National Velvet";"2"
"1095";"Nature's Half Acre";"1"
"1096";"Naughty Marietta";"1"
"1097";"Neighbours";"1"
"1098";"Neptune's Daughter";"1"
"1099";"Never on Sunday (Pote tin Kyriaki)";"1"
"1100";"The Night of the Iguana";"1"
"1101";"Nights of Cabiria (Le Notti di Cabiria)";"1"
"1102";"Nine from Little Rock";"1"
"1103";"None But the Lonely Heart";"1"
"1104";"North West Mounted Police";"1"
"1105";"Now, Voyager";"1"
"1106";"An Occurrence at Owl Creek Bridge";"1"
"1107";"Of Pups and Puzzles";"1"
"1108";"Oklahoma!";"2"
"1109";"The Old Man and the Sea";"1"
"1110";"The Old Mill";"1"
"1111";"On the Town";"1"
"1112";"On the Waterfront";"8"
"1113";"One Hundred Men and a Girl";"1"
"1114";"One Night of Love";"2"
"1115";"One Way Passage";"1"
"1116";"Overture to The Merry Wives of Windsor";"1"
"1117";"The Paleface";"1"
"1118";"Panic in the Streets";"1"
"1119";"Papa's Delicate Condition";"1"
"1120";"The Patriot";"1"
"1121";"Penny Wisdom";"1"
"1122";"Phantom of the Opera";"2"
"1123";"The Philadelphia Story";"2"
"1124";"Picnic";"2"
"1125";"The Picture of Dorian Gray";"1"
"1126";"Pillow Talk";"1"
"1127";"The Pink Phink";"1"
"1128";"Pinocchio";"2"
"1129";"A Place in the Sun";"6"
"1130";"Plymouth Adventure";"1"
"1131";"Pollyanna";"0 (1)"
"1132";"Porgy and Bess";"1"
"1133";"Portrait of Jennie";"1"
"1134";"Prelude to War";"1"
"1135";"Pride and Prejudice";"1"
"1136";"The Pride of the Yankees";"1"
"1137";"Princess O'Rourke";"1"
"1138";"The Private Life of Henry VIII";"1"
"1139";"The Private Life of the Gannets";"1"
"1140";"Project Hope";"1"
"1141";"The Public Pays";"1"
"1142";"Pygmalion";"1"
"1143";"Quicker'n a Wink";"1"
"1144";"The Quiet Man";"2"
"1145";"Quiet Please!";"1"
"1146";"The Rains Came";"1"
"1147";"Rashomon";"0 (1)"
"1148";"The Razor's Edge";"1"
"1149";"Reap the Wild Wind";"1"
"1150";"Rebecca";"2"
"1151";"The Red Balloon (Le ballon rouge)";"1"
"1152";"The Red Shoes";"2"
"1153";"The Robe";"2"
"1154";"Robert Frost: A Lover's Quarrel with the World";"1"
"1155";"Roman Holiday";"3"
"1156";"Room at the Top";"2"
"1157";"The Rose Tattoo";"3"
"1158";"Sabrina";"1"
"1159";"Samson and Delilah";"2"
"1160";"Samurai I: Musashi Miyamoto (Miyamoto Musashi)";"0 (1)"
"1161";"San Francisco";"1"
"1162";"Sayonara";"4"
"1163";"The Scoundrel";"1"
"1164";"The Sea Around Us";"1"
"1165";"Seal Island";"1"
"1166";"The Search";"1 (1)"
"1167";"Seawards the Great Ships";"1"
"1168";"The Secret Land";"1"
"1169";"Seeds of Destiny";"1"
"1170";"Separate Tables";"2"
"1171";"Serengeti Shall Not Die (Serengeti darf nicht sterben)";"1"
"1172";"Sergeant York";"2"
"1173";"Seven Brides for Seven Brothers";"1"
"1174";"Seven Days to Noon";"1"
"1175";"The Seventh Veil";"1"
"1176";"Shane";"1"
"1177";"Shanghai Express";"1"
"1178";"She Wore a Yellow Ribbon";"1"
"1179";"Shoeshine (Sciuscià)";"0 (1)"
"1180";"The Silent World (Le Monde du silence)";"1"
"1181";"The Sin of Madelon Claudet";"1"
"1182";"Since You Went Away";"1"
"1183";"Skippy";"1"
"1184";"Sky Above and Mud Beneath (Le Ciel et la boue)";"1"
"1185";"The Snake Pit";"1"
"1186";"Snow White and the Seven Dwarfs";"0 (1)"
"1187";"So Much for So Little";"1"
"1188";"So This Is Harris!";"1"
"1189";"The Solid Gold Cadillac";"1"
"1190";"Some Like It Hot";"1"
"1191";"Somebody Up There Likes Me";"2"
"1192";"The Song of Bernadette";"4"
"1193";"Song of the South";"1 (1)"
"1194";"Song Without End";"1"
"1195";"Sons and Lovers";"1"
"1196";"Sons of Liberty";"1"
"1197";"South Pacific";"1"
"1198";"Spartacus";"4"
"1199";"Spawn of the North";"0 (1)"
"1200";"Speaking of Animals and Their Families";"1"
"1201";"Speedy Gonzales";"1"
"1202";"Spellbound";"1"
"1203";"Splendor in the Grass";"1"
"1204";"Stagecoach";"2"
"1205";"Stairway to Light";"1"
"1206";"Stalag 17";"1"
"1207";"Star in the Night";"1"
"1208";"A Star Is Born";"1 (1)"
"1209";"State Fair";"1"
"1210";"The Story of Louis Pasteur";"3"
"1211";"The Stratton Story";"1"
"1212";"Street Angel";"1"
"1213";"A Streetcar Named Desire";"4"
"1214";"Strike Up the Band";"1"
"1215";"The Substitute";"1"
"1216";"Sundays and Cybele (Le Dimanches de Ville d'Avray)";"1"
"1217";"Sunrise";"3"
"1218";"Sunset Boulevard";"3"
"1219";"Survival City";"1"
"1220";"Suspicion";"1"
"1221";"Sweet Bird of Youth";"1"
"1222";"Sweethearts";"0 (1)"
"1223";"Swing Time";"1"
"1224";"Symphony of a City";"1"
"1225";"Tabu";"1"
"1226";"Target for Tonight";"0 (1)"
"1227";"Teddy, the Rough Rider";"1"
"1228";"Tempest";"1"
"1229";"The Ten Commandments";"1"
"1230";"That Hamilton Woman";"1"
"1231";"That Mothers Might Live";"1"
"1232";"The Thief of Bagdad";"3"
"1233";"The Third Man";"1"
"1234";"Thirty Seconds Over Tokyo";"1"
"1235";"This Above All";"1"
"1236";"This Is the Army";"1"
"1237";"This Land Is Mine";"1"
"1238";"This Mechanical Age";"1"
"1239";"Three Coins in the Fountain";"2"
"1240";"The Three Faces of Eve";"1"
"1241";"Three Little Pigs";"1"
"1242";"Three Orphan Kittens";"1"
"1243";"Through a Glass Darkly (Såsom i en spegel)";"1"
"1244";"Thunderball";"1"
"1245";"Thursday's Children";"1"
"1246";"The Time Machine";"1"
"1247";"A Time Out of War";"1"
"1248";"Tin Pan Alley";"1"
"1249";"The Titan: Story of Michelangelo";"1"
"1250";"Titanic";"1"
"1251";"To Catch a Thief";"1"
"1252";"To Each His Own";"1"
"1253";"To Kill a Mockingbird";"3"
"1254";"Tom Jones";"4"
"1255";"tom thumb";"1"
"1256";"Toot, Whistle, Plunk and Boom";"1"
"1257";"Topkapi";"1"
"1258";"The Tortoise and the Hare";"1"
"1259";"Torture Money";"1"
"1260";"Toward Independence";"1"
"1261";"Transatlantic";"1"
"1262";"The Treasure of the Sierra Madre";"3"
"1263";"A Tree Grows in Brooklyn";"1"
"1264";"The True Glory";"1"
"1265";"The True Story of the Civil War";"1"
"1266";"Tweetie Pie";"1"
"1267";"Twelve O'Clock High";"2"
"1268";"Two Arabian Knights";"1"
"1269";"The Two Mouseketeers";"1"
"1270";"Two Women (La Ciociara)";"1"
"1271";"The Ugly Duckling";"1"
"1272";"Underworld";"1"
"1273";"The V.I.P.s";"1"
"1274";"Vacation from Marriage (UK title Perfect Strangers)";"1"
"1275";"Van Gogh";"1"
"1276";"The Vanishing Prairie";"1"
"1277";"The Virgin Spring (Jungfrukällan)";"1"
"1278";"Viva Villa!";"1"
"1279";"Viva Zapata!";"1"
"1280";"Waikiki Wedding";"1"
"1281";"The Walls of Malapaga";"0 (1)"
"1282";"The War of the Worlds";"1"
"1283";"Watch on the Rhine";"1"
"1284";"Water Birds";"1"
"1285";"The Way of All Flesh";"1"
"1286";"West Side Story";"10"
"1287";"The Westerner";"1"
"1288";"The Wetback Hound";"1"
"1289";"What Ever Happened to Baby Jane?";"1"
"1290";"When Tomorrow Comes";"1"
"1291";"When Magoo Flew";"1"
"1292";"When Worlds Collide";"1"
"1293";"White Shadows in the South Seas";"1"
"1294";"White Wilderness";"1"
"1295";"Who's Who in Animal Land";"1"
"1296";"Why Korea?";"1"
"1297";"Wilson";"5"
"1298";"Wings";"2"
"1299";"Wings Over Everest";"1"
"1300";"With a Song in My Heart";"1"
"1301";"With Byrd at the South Pole";"1"
"1302";"With the Marines at Tarawa";"1"
"1303";"The Wizard of Oz";"2"
"1304";"Woman of the Year";"1"
"1305";"Wonder Man";"1"
"1306";"The Wonderful World of the Brothers Grimm";"1"
"1307";"World of Kids";"1"
"1308";"World Without Sun (Le Monde sans soleil)";"1"
"1309";"Wrestling Swordfish";"1"
"1310";"Written on the Wind";"1"
"1311";"Wuthering Heights";"1"
"1312";"Yankee Doodle Dandy";"3"
"1313";"The Yankee Doodle Mouse";"1"
"1314";"The Yearling";"2"
"1315";"Yesterday, Today and Tomorrow (Ieri, oggi, domani)";"1"
"1316";"You Can't Take It with You";"2"
"1317";"Zorba the Greek (Alexis Zorbas)";"3"
